User Id,User Name,Comment Id,Comment Text,Profile URL,Avatar URL,Publish Date
6844041606,fndy_mrt,17908085288835110,Cuihhhh,https://www.instagram.com/fndy_mrt,https://scontent-cgk1-2.cdninstagram.com/v/t51.2885-19/301624838_823854102121549_7042499378966505365_n.jpg,"2/21/2024, 9:13:02 PM"
38352946654,1pct4s,18017544590119332,#قاطع,https://www.instagram.com/1pct4s,https://scontent-cgk1-2.cdninstagram.com/v/t51.2885-19/410386185_1595974977879079_1657841737934230110_n.jpg,"2/21/2024, 9:14:05 PM"
51488414228,permatasari7686,17894996159903907,#freepalestine🇵🇸 #boikottkfc,https://www.instagram.com/permatasari7686,https://scontent-cgk1-2.cdninstagram.com/v/t51.2885-19/419039743_395647162919697_1434185501562487540_n.jpg,"2/21/2024, 9:20:16 PM"
1701332453,widya_kusuma_h,18285578410081294,Boycot kfc #freepalestine,https://www.instagram.com/widya_kusuma_h,https://scontent-cgk1-2.cdninstagram.com/v/t51.2885-19/273913153_3246647005658719_4261226636123657530_n.jpg,"2/21/2024, 9:27:32 PM"
25200960292,alina_mardiyah,18059941852522928,#freepalesti̇ne  #boycotkfc,https://www.instagram.com/alina_mardiyah,https://scontent-cgk1-2.cdninstagram.com/v/t51.2885-19/408829431_745205310966727_8477608587211321938_n.jpg,"2/21/2024, 9:32:37 PM"
548373279,viraaljufri,17926760756833394,Looks like a puke,https://www.instagram.com/viraaljufri,https://scontent-cgk1-2.cdninstagram.com/v/t51.2885-19/265605989_427848649046358_7158678531415102810_n.jpg,"2/21/2024, 9:35:08 PM"
55223417632,kuba.saki,18410957719015862,#freepalestine #freedomforpalestine #istandwithpalestine #stopgenocideingaza #openrafahborder #boycottkfc 🇵🇸🇵🇸🇵🇸,https://www.instagram.com/kuba.saki,https://scontent-cgk1-2.cdninstagram.com/v/t51.2885-19/300944856_1536651106805649_6543565863933310145_n.jpg,"2/21/2024, 9:48:40 PM"
15065508561,karaselim_yusuf,18415999063010433,"#boycotkfc 
Free Palestine 🇵🇸✌️",https://www.instagram.com/karaselim_yusuf,https://scontent-cgk1-2.cdninstagram.com/v/t51.2885-19/421042614_296987709638536_7786097450222126688_n.jpg,"2/21/2024, 10:08:47 PM"
7899463650,rikaaarsy_12,18026552626933999,Taste Like Blood. Are you proud of this @kfc ?,https://www.instagram.com/rikaaarsy_12,https://scontent-cgk1-2.cdninstagram.com/v/t51.2885-19/370239176_1284227078943395_8190890325644676780_n.jpg,"2/21/2024, 10:21:32 PM"
61233925807,nadira_anggra,17897851652960689,MAKANAN MENGANDUNG GENOSIDA 🤮🤮🤮,https://www.instagram.com/nadira_anggra,https://scontent-cgk1-2.cdninstagram.com/v/t51.2885-19/408013802_1070337290763798_82944253684085490_n.jpg,"2/21/2024, 10:40:51 PM"
1549563996,raharja_yunie,18051387940522882,#freepalestine🇵🇸 #BoycotKFCproducts,https://www.instagram.com/raharja_yunie,https://scontent-cgk1-2.cdninstagram.com/v/t51.2885-19/373203011_1418370905391274_5570545687746553654_n.jpg,"2/21/2024, 11:19:31 PM"
48572147484,maryaestics_,18017953534913399,Boycottttttttttt,https://www.instagram.com/maryaestics_,https://scontent-cgk1-2.cdninstagram.com/v/t51.2885-19/296495498_1003130970356610_5071844428962823707_n.jpg,"2/21/2024, 11:20:10 PM"
48572147484,maryaestics_,18245153353223538,Freeee freeeee Palestine,https://www.instagram.com/maryaestics_,https://scontent-cgk1-2.cdninstagram.com/v/t51.2885-19/296495498_1003130970356610_5071844428962823707_n.jpg,"2/21/2024, 11:20:22 PM"
51129390700,iiamroyashirinzada,18094257388397481,#freepalestine 💪🏻💪🏻💪🏻💪🏻,https://www.instagram.com/iiamroyashirinzada,https://scontent-cgk1-2.cdninstagram.com/v/t51.2885-19/422055413_2357065497821703_1897065908926490986_n.jpg,"2/21/2024, 11:22:45 PM"
9554652921,serdarfuatt,17867016573073365,#boykotisraelproduct 🇵🇸🇵🇸🇵🇸#freepalestine #stopgenocideingaza🇵🇸,https://www.instagram.com/serdarfuatt,https://scontent-cgk1-2.cdninstagram.com/v/t51.2885-19/341802006_775451270539239_4999186510157068367_n.jpg,"2/21/2024, 11:44:59 PM"
4037770217,rumiasih812gmail,17989322360395637,Dan pertama yang akan kita hancurkan adalah @kfc 🔻🔻🔻🔻🔻🔻Dan akan yang kita hancurkan adalah @kfc 🔻🔻🔻🔻🔻🔻😡😡😡😡 #freepalestine🇵🇸 #freepalestine🇵🇸 #freepalestine🇵🇸 #freepalestine🇵🇸 #freepalestine🇵🇸 #freepalestine🇵🇸 #freepalestine🇵🇸 #freepalestine🇵🇸 #freepalestine🇵🇸 #boikotkfc #boikotkfc ✌️✌️✌️✌️✌️✌️✌️🇵🇸🇵🇸🇵🇸🇵🇸🇵🇸🇵🇸🇵🇸🇵🇸🇵🇸🇵🇸🇵🇸🇵🇸🇵🇸🇵🇸🇵🇸🇵🇸,https://www.instagram.com/rumiasih812gmail,https://scontent-cgk1-2.cdninstagram.com/v/t51.2885-19/375625212_1523387641813139_2273843425699300052_n.jpg,"2/22/2024, 12:06:42 AM"
2081048559,dhedhe_nunu,17856702786109163,Eating this prodicts means eating the flesh of Gazans n drinking blood of Gazans...free🍉🍉🍉,https://www.instagram.com/dhedhe_nunu,https://scontent-cgk1-2.cdninstagram.com/v/t51.2885-19/393141614_633050612358613_5521495448915839794_n.jpg,"2/22/2024, 12:22:20 AM"
13685987078,manjackred,18309778288123844,@briebines😍,https://www.instagram.com/manjackred,https://scontent-cgk1-2.cdninstagram.com/v/t51.2885-19/400043166_716016759979055_5865051432263208813_n.jpg,"2/22/2024, 12:37:55 AM"
1699055352,aqila_s_,18027273007914425,Boycot Kfc!!!! #freepalestine🇵🇸❤️,https://www.instagram.com/aqila_s_,https://scontent-cgk1-2.cdninstagram.com/v/t51.2885-19/312483403_828855581585219_1194973090499944442_n.jpg,"2/22/2024, 12:55:56 AM"
56535348732,_hsnlkhatimah.23,18006087815340634,#freepalestine,https://www.instagram.com/_hsnlkhatimah.23,https://scontent-cgk1-2.cdninstagram.com/v/t51.2885-19/316475278_434070282265699_5239130822280328812_n.jpg,"2/22/2024, 3:55:28 AM"
58645649903,cybermujahid17,18198600760303484,Terorist,https://www.instagram.com/cybermujahid17,https://scontent-cgk1-2.cdninstagram.com/v/t51.2885-19/417405481_3160779320724675_9069438066492552436_n.jpg,"2/22/2024, 3:59:03 AM"
5896601228,nerrymei15,18415960348000096,#freepalestine🇵🇸,https://www.instagram.com/nerrymei15,https://scontent-sjc3-1.cdninstagram.com/v/t51.2885-19/44884218_345707102882519_2446069589734326272_n.jpg,"2/22/2024, 4:45:41 AM"
51868237540,zhirinanur93,18331162789108367,"Byeeee KFC, thank you for showing your evil to the world",https://www.instagram.com/zhirinanur93,https://scontent-cgk1-2.cdninstagram.com/v/t51.2885-19/424475099_1068324187556315_3971249393411929578_n.jpg,"2/22/2024, 4:46:55 AM"
5878712202,dindara19,18094982725396582,#boycottisrael,https://www.instagram.com/dindara19,https://scontent-cgk1-2.cdninstagram.com/v/t51.2885-19/407665037_3622483724693224_6640639831463767795_n.jpg,"2/22/2024, 5:06:39 AM"
389698243,elihaliyah,18009426158254109,#freepalestine🇯🇴🇯🇴🇯🇴🇯🇴🇯🇴🇯🇴,https://www.instagram.com/elihaliyah,https://scontent-cgk1-2.cdninstagram.com/v/t51.2885-19/19623653_144421069455034_2487683669599191040_a.jpg,"2/22/2024, 5:23:11 AM"
4678661839,synta2089,18052268347512812,#israelisnothuman #israelisrealterrorist #FreePalestine #boycotkfc #boycotprodukisrael,https://www.instagram.com/synta2089,https://scontent-cgk1-2.cdninstagram.com/v/t51.2885-19/241542256_829404897749116_7470117128601034446_n.jpg,"2/22/2024, 6:41:47 AM"
52231458330,ghadi_pratapava,18381309442075937,#boycotkfc #freepalestine,https://www.instagram.com/ghadi_pratapava,https://scontent-cgk1-2.cdninstagram.com/v/t51.2885-19/404268881_3033831620082181_6751833606226424033_n.jpg,"2/22/2024, 7:03:38 AM"
52231458330,ghadi_pratapava,18060671515516933,"Please welcome PECEL LELE MBOK YEM, #freepalestine🇵🇸 #savegaza #kickisrael",https://www.instagram.com/ghadi_pratapava,https://scontent-cgk1-2.cdninstagram.com/v/t51.2885-19/404268881_3033831620082181_6751833606226424033_n.jpg,"2/22/2024, 7:19:52 AM"
1539153568,zen_block,18419867197005368,💩🤮,https://www.instagram.com/zen_block,https://scontent-cgk1-2.cdninstagram.com/v/t51.2885-19/100921186_675129816601435_4341345538273181696_n.jpg,"2/22/2024, 7:37:24 AM"
659728280,fian_via,18036648382644315,Taste Like blood,https://www.instagram.com/fian_via,https://scontent-cgk1-2.cdninstagram.com/v/t51.2885-19/24274191_130543017621903_7361203298256289792_n.jpg,"2/22/2024, 7:58:35 AM"
64383467739,firgiawanalfatir,18245118139219830,❌,https://www.instagram.com/firgiawanalfatir,https://scontent-cgk1-2.cdninstagram.com/v/t51.2885-19/429340092_1119181232445972_4360098753949795790_n.jpg,"2/22/2024, 8:07:24 AM"
4045853342,de.aul17,18013023575021822,🤮🤮🤮🤮 makanan dajjal,https://www.instagram.com/de.aul17,https://scontent-cgk1-2.cdninstagram.com/v/t51.2885-19/410340880_1042182626992702_5486517448827949400_n.jpg,"2/22/2024, 8:22:30 AM"
8912839360,seth_harries,18036559561747280,Y’all better shut up,https://www.instagram.com/seth_harries,https://scontent-cgk1-2.cdninstagram.com/v/t51.2885-19/342219598_1398623967569199_1058291185441236435_n.jpg,"2/22/2024, 8:29:52 AM"
4254873702,nurulnasyafitri2951,17912510183904942,#boycottkfc #freepalestine🇵🇸,https://www.instagram.com/nurulnasyafitri2951,https://scontent-cgk1-2.cdninstagram.com/v/t51.2885-19/405767856_1077129196989616_853126073321550831_n.jpg,"2/22/2024, 9:03:14 AM"
3251307769,khyarhmd_,18006436637121368,#boycottkfc,https://www.instagram.com/khyarhmd_,https://scontent-cgk1-2.cdninstagram.com/v/t51.2885-19/392796348_1351829115657900_7603118652049759447_n.jpg,"2/22/2024, 9:22:52 AM"
5901538527,wahyuniiswoyo,17898839987882126,🤮🤮,https://www.instagram.com/wahyuniiswoyo,https://scontent-cgk1-2.cdninstagram.com/v/t51.2885-19/403617997_672169778059213_7818499371578321167_n.jpg,"2/22/2024, 9:24:23 AM"
43406620,okirivandi,17859914616071994,#freepalestine🇵🇸 #boycottkfc,https://www.instagram.com/okirivandi,https://scontent-cgk1-2.cdninstagram.com/v/t51.2885-19/116019797_299535834619274_7917971418502628667_n.jpg,"2/22/2024, 9:30:11 AM"
10860142572,chiewiw710,18119732077342273,Boycott!!!!!!!!!!!!!!!!! #freefreepalestine🇵🇸,https://www.instagram.com/chiewiw710,https://scontent-cgk1-2.cdninstagram.com/v/t51.2885-19/276971214_499732708379913_110877299267037149_n.jpg,"2/22/2024, 9:55:21 AM"
2269609647,tupperwareselayar,18028474342763772,#freepalestine,https://www.instagram.com/tupperwareselayar,https://scontent-cgk1-2.cdninstagram.com/v/t51.2885-19/404603447_854927193048519_3989044158972774632_n.jpg,"2/22/2024, 10:23:22 AM"
2269609647,tupperwareselayar,17927672681747095,#freepalestine,https://www.instagram.com/tupperwareselayar,https://scontent-cgk1-2.cdninstagram.com/v/t51.2885-19/404603447_854927193048519_3989044158972774632_n.jpg,"2/22/2024, 10:23:39 AM"
2269609647,tupperwareselayar,18009154238207936,#boycottkfc,https://www.instagram.com/tupperwareselayar,https://scontent-cgk1-2.cdninstagram.com/v/t51.2885-19/404603447_854927193048519_3989044158972774632_n.jpg,"2/22/2024, 10:24:01 AM"
25572394426,hishamyousuf69,17979086675643494,#boycottisrael,https://www.instagram.com/hishamyousuf69,https://scontent-cgk1-2.cdninstagram.com/v/t51.2885-19/363814056_680566957431617_6418114694491320817_n.jpg,"2/22/2024, 10:25:47 AM"
4635873868,ucinhsh,18055663561548361,#boycotkfc,https://www.instagram.com/ucinhsh,https://scontent-cgk1-2.cdninstagram.com/v/t51.2885-19/271436111_1359287371157639_726944468923079072_n.jpg,"2/22/2024, 10:29:35 AM"
8117066986,lulurhitamsafira_kdi,17929602953822850,#boycot_kfc,https://www.instagram.com/lulurhitamsafira_kdi,https://scontent-cgk1-2.cdninstagram.com/v/t51.2885-19/405785420_6831504433552079_749382625089240066_n.jpg,"2/22/2024, 10:33:37 AM"
1930082831,_ghe__n,18007407443099584,#freepalestine🇵🇸,https://www.instagram.com/_ghe__n,https://scontent-cgk1-2.cdninstagram.com/v/t51.2885-19/427153016_1578474142969762_539283866509489958_n.jpg,"2/22/2024, 10:58:26 AM"
632075545,incelellyana,17957816150722241,#boycottkfc,https://www.instagram.com/incelellyana,https://scontent-cgk1-2.cdninstagram.com/v/t51.2885-19/230602785_187334383429497_6433177203002794884_n.jpg,"2/22/2024, 11:45:52 AM"
471901669,fitrisusana,17914310975870269,#boycottkfc,https://www.instagram.com/fitrisusana,https://scontent-cgk1-2.cdninstagram.com/v/t51.2885-19/425426132_1391204318182433_2014878852084252255_n.jpg,"2/21/2024, 6:13:30 PM"
471901669,fitrisusana,17969447837689774,"Shame on KFC for mocking Gazans people! Disgusting, vile, insensitive act! 🤢",https://www.instagram.com/fitrisusana,https://scontent-cgk1-2.cdninstagram.com/v/t51.2885-19/425426132_1391204318182433_2014878852084252255_n.jpg,"2/21/2024, 6:14:12 PM"
63848559356,cahayatimur454,17989058900619441,#freepalestine #boycottkfc,https://www.instagram.com/cahayatimur454,https://scontent-cgk1-2.cdninstagram.com/v/t51.2885-19/411420999_1268235337187170_1764533112865234035_n.jpg,"2/21/2024, 6:14:13 PM"
1742891470,youss_elsa,17973182054671105,Boycott,https://www.instagram.com/youss_elsa,https://scontent-cgk1-2.cdninstagram.com/v/t51.2885-19/376764554_620458373317916_3201746855503159916_n.jpg,"2/21/2024, 6:17:40 PM"
1986052280,deckyzulkarnain6,18026209801790238,#FREEPALESTINE #BOYCOTTKFC,https://www.instagram.com/deckyzulkarnain6,https://scontent-cgk1-2.cdninstagram.com/v/t51.2885-19/404289683_1066406657730209_6208310474535124910_n.jpg,"2/21/2024, 6:19:54 PM"
62921239202,dya_zaza,18041404993680071,❤️🇵🇸❤️,https://www.instagram.com/dya_zaza,https://scontent-cgk1-2.cdninstagram.com/v/t51.2885-19/411859618_892934522083791_7513880011905828713_n.jpg,"2/21/2024, 6:27:32 PM"
2159590054,pipinsaepul29,18034700887744741,#saynotokfc,https://www.instagram.com/pipinsaepul29,https://scontent-cgk1-2.cdninstagram.com/v/t51.2885-19/280709234_370468785121460_1484196542384040320_n.jpg,"2/21/2024, 6:33:43 PM"
499949735,dypway,17999459996426563,endisraelsgenocide,https://www.instagram.com/dypway,https://scontent-cgk1-2.cdninstagram.com/v/t51.2885-19/53041325_398101984309273_6041167622639190016_n.jpg,"2/21/2024, 6:40:01 PM"
2691855485,lestarihn17,17986336574628112,Free Palestine 🇵🇸🇵🇸🇵🇸,https://www.instagram.com/lestarihn17,https://scontent-cgk1-2.cdninstagram.com/v/t51.2885-19/423211718_939345580952988_3568954856274174990_n.jpg,"2/21/2024, 6:53:10 PM"
45400045037,chacha_9191,17990392205559353,Boycoooooot,https://www.instagram.com/chacha_9191,https://scontent-cgk1-2.cdninstagram.com/v/t51.2885-19/399695798_812720713941388_5662061351661401667_n.jpg,"2/21/2024, 6:56:12 PM"
1416203601,nuni245,18042711316642332,#freepalestine🇵🇸 #boycotKFC,https://www.instagram.com/nuni245,https://scontent-cgk1-2.cdninstagram.com/v/t51.2885-19/258881489_862116087818899_305865903952396936_n.jpg,"2/21/2024, 7:00:30 PM"
49318952443,rindinanirwana,18074993050460699,Masakan dan makanan yg di sajikan di kfc banyak juga kita jumpai dan dapatkan di tempat lain .. rasa nya juga enak byk prduk ayam lokal lebih brvariasi dan mantul.. #freepalestine #boycottkfc,https://www.instagram.com/rindinanirwana,https://scontent-cgk1-2.cdninstagram.com/v/t51.2885-19/404637617_727821776046832_529524286498493322_n.jpg,"2/21/2024, 7:00:33 PM"
6055642499,firilcandramep,18041440369659211,Naudzubillahi... Istiqomah boycotti1#freepalestine🇵🇸 #boycotkfc,https://www.instagram.com/firilcandramep,https://scontent-cgk1-2.cdninstagram.com/v/t51.2885-19/383137457_300643445926513_4825065757937739406_n.jpg,"2/21/2024, 7:07:49 PM"
837207075,novikaintan,18042637603634740,Rasa darah #boycottkfc,https://www.instagram.com/novikaintan,https://scontent-cgk1-2.cdninstagram.com/v/t51.2885-19/58468383_823610588012674_6476588993336049664_n.jpg,"2/21/2024, 7:19:40 PM"
837207075,novikaintan,18013340075234115,#boycottkfc #boycottkfc #boycottkfc,https://www.instagram.com/novikaintan,https://scontent-cgk1-2.cdninstagram.com/v/t51.2885-19/58468383_823610588012674_6476588993336049664_n.jpg,"2/21/2024, 7:20:04 PM"
837207075,novikaintan,18416385847013363,#boycottkfc #boycottkfc #boycottkfc,https://www.instagram.com/novikaintan,https://scontent-cgk1-2.cdninstagram.com/v/t51.2885-19/58468383_823610588012674_6476588993336049664_n.jpg,"2/21/2024, 7:20:12 PM"
837207075,novikaintan,18040511530663626,#freepalestine🇵🇸 #freepalestine🇵🇸 #freepalestine🇵🇸,https://www.instagram.com/novikaintan,https://scontent-cgk1-2.cdninstagram.com/v/t51.2885-19/58468383_823610588012674_6476588993336049664_n.jpg,"2/21/2024, 7:20:33 PM"
21614438861,afone01,18085823509427020,#freepalestine🇵🇸 #freepalestine#freepalestine🇵🇸 ##freepalestine🇵🇸 ##freepalestine🇵🇸 #freepalestine #boycotkfc,https://www.instagram.com/afone01,https://scontent-cgk1-2.cdninstagram.com/v/t51.2885-19/84356916_188000292291707_4164804133091540992_n.jpg,"2/21/2024, 7:26:07 PM"
1729655315,riestinaanugerah,17854309506131881,Disguting food 🤮🤮🤮 #freepalestine #freepalestine🇵🇸 #boycotkfc,https://www.instagram.com/riestinaanugerah,https://scontent-cgk1-2.cdninstagram.com/v/t51.2885-19/183721675_861301024741948_5018076504258257952_n.jpg,"2/21/2024, 7:38:59 PM"
2338774432,wiasity,18052172161568977,Boycott,https://www.instagram.com/wiasity,https://instagram.fsac1-2.fna.fbcdn.net/v/t51.2885-19/44884218_345707102882519_2446069589734326272_n.jpg,"2/21/2024, 7:45:00 PM"
63765688324,yudiasastro,18004793321374269,#freepalestine🇵🇸❤️ #freepalestine🇵🇸 #freepalestine #boycott #boycottkfc #boycottkfc,https://www.instagram.com/yudiasastro,https://scontent-cgk1-2.cdninstagram.com/v/t51.2885-19/414494324_899764884837954_367627194245618796_n.jpg,"2/21/2024, 7:47:31 PM"
1916144092,nidia_okti,17854675023117396,Ayam goreng mas kirno yesss #freepalestine🇵🇸 #boycotkfc,https://www.instagram.com/nidia_okti,https://scontent-cgk1-2.cdninstagram.com/v/t51.2885-19/409441568_6629436213831515_5770556110212351781_n.jpg,"2/21/2024, 7:57:28 PM"
50706732626,dewianita_imran,17880877920013068,#freepalestine🇵🇸🇵🇸🇵🇸❤️❤️❤️ #freepalesti̇ne 🇵🇸🇵🇸🇵🇸#freepalesti̇ne 🇵🇸🇵🇸🇵🇸#freepalestine❤️❤️❤️#boikotkfc #boikotkfc #boikotkfc #boikotkfc,https://www.instagram.com/dewianita_imran,https://scontent-cgk1-2.cdninstagram.com/v/t51.2885-19/266010806_585798596045254_3174448542626932897_n.jpg,"2/21/2024, 7:59:12 PM"
51142870912,yunii_w97,18254304628213460,teu kabita aing #boycotkfc #boycotkfc🤢 makanan penjajah,https://www.instagram.com/yunii_w97,https://scontent-cgk1-2.cdninstagram.com/v/t51.2885-19/270056388_453973633027616_8351432232622039625_n.jpg,"2/21/2024, 8:01:04 PM"
63484971936,urang_sinlay,18272516050206430,#BOIKOTFOREVER,https://www.instagram.com/urang_sinlay,https://scontent-cgk1-2.cdninstagram.com/v/t51.2885-19/404644195_1507924436414915_8776956370022341103_n.jpg,"2/21/2024, 8:11:59 PM"
63484971936,urang_sinlay,18022083002060029,#freepalestine🇵🇸,https://www.instagram.com/urang_sinlay,https://scontent-cgk1-2.cdninstagram.com/v/t51.2885-19/404644195_1507924436414915_8776956370022341103_n.jpg,"2/21/2024, 8:12:07 PM"
63257154987,netizen.62plus,17912225906899369,🤮🤮🤮🤮🤮🤮🤮🤮🤮🤮,https://www.instagram.com/netizen.62plus,https://instagram.fsac1-2.fna.fbcdn.net/v/t51.2885-19/44884218_345707102882519_2446069589734326272_n.jpg,"2/21/2024, 8:13:45 PM"
63563795211,gettrue04,17966426012695532,#boycotkfc #freepalestine,https://www.instagram.com/gettrue04,https://scontent-cgk1-2.cdninstagram.com/v/t51.2885-19/410545507_336203289163818_4720988626547871896_n.jpg,"2/21/2024, 8:25:11 PM"
5652699931,rurin.andriani,18088203901419012,#freepalestine #standwithhumanityhelppalestine🇵🇸,https://www.instagram.com/rurin.andriani,https://scontent-cgk1-2.cdninstagram.com/v/t51.2885-19/179710245_3854061707980438_7419953049834901623_n.jpg,"2/21/2024, 8:27:09 PM"
2201888970,dwiajrina,18006149867120391,"Disgusting, stop killing children in gaza #freepalestine🇵🇸",https://www.instagram.com/dwiajrina,https://scontent-cgk1-2.cdninstagram.com/v/t51.2885-19/75601615_599021167340198_588488327179534336_n.jpg,"2/21/2024, 8:29:34 PM"
2201888970,dwiajrina,18118365712351755,You are not human if you support genocide in gaza #freepalestine🇵🇸,https://www.instagram.com/dwiajrina,https://scontent-cgk1-2.cdninstagram.com/v/t51.2885-19/75601615_599021167340198_588488327179534336_n.jpg,"2/21/2024, 8:30:12 PM"
10605808846,djesica01_,18019223096297751,Welcome boycot!! #freepalestine #boycotkfc,https://www.instagram.com/djesica01_,https://scontent-cgk1-2.cdninstagram.com/v/t51.2885-19/326558508_674190787836935_1211218587814360442_n.jpg,"2/21/2024, 8:35:18 PM"
1317293168,vivitasarinovi,17854569432114676,#freepalestine🇵🇸 #boycottkfc,https://www.instagram.com/vivitasarinovi,https://scontent-cgk1-2.cdninstagram.com/v/t51.2885-19/409784811_320586274121473_1927562933302022099_n.jpg,"2/21/2024, 8:38:22 PM"
64683947564,sheee1675,18002462168378194,I hope KFC is okay,https://www.instagram.com/sheee1675,https://scontent-cgk1-2.cdninstagram.com/v/t51.2885-19/428452163_1153367336077771_6660531678797087474_n.jpg,"2/21/2024, 8:43:48 PM"
63240840788,taleatsy,18030969382889221,#freepalestine,https://www.instagram.com/taleatsy,https://scontent-cgk1-2.cdninstagram.com/v/t51.2885-19/412054188_1018818879223807_3707274196032229896_n.jpg,"2/21/2024, 8:49:35 PM"
63284520677,kuntilanak_julid,18015904331135556,"*Who steals body organs?(Israel)*
*Who stole Palestinian land?(Israel)*
*Who robbed the Bank at the money changer (Israel)*
*Who bombed mosques and Churches?(israel)*
*Who kills babies and children?(Israel)*
*Who raped the female hostage?(israel)*
*Who kidnapped civilians from Gaza(israel)*
*Who detains civilians without justification?(israel)*
*Who destroyed hospitals,School and civilian homes?(israel)*
*Who Mutilates the Heads of innocent animals?(israel)*
*Who is cannibal in modern times?(israel)*
*Who killed his own citizens?(israel)*
*Who shot his own hostage dead?(israel)*
*who is blocking humanitarian aid?(israel)*
*Who stopped the fiew of water and electricity in Gaza?(israel)*
*Who forbid collecting rainwater?(israel)*
*who is Genoside?(israel)
*Who said H.M.S terrorist?(israel & supporters)
*Who are the real terrorists?(israel)
*Who is the playing victim?(israel)
WTF a Defend???? A baby and childre Didn't Attack You Diapers Army!!!🔻🔻🔥🔥",https://www.instagram.com/kuntilanak_julid,https://scontent-cgk1-2.cdninstagram.com/v/t51.2885-19/410842078_877328790595364_1802346561187315811_n.jpg,"2/21/2024, 8:51:55 PM"
2095837344,dewari_mypark,17970319085547306,#boikotkfc,https://www.instagram.com/dewari_mypark,https://scontent-cgk1-2.cdninstagram.com/v/t51.2885-19/420022008_1114698583314767_4959556278239863580_n.jpg,"2/21/2024, 8:54:24 PM"
2095837344,dewari_mypark,18015416843509814,#freepalestine,https://www.instagram.com/dewari_mypark,https://scontent-cgk1-2.cdninstagram.com/v/t51.2885-19/420022008_1114698583314767_4959556278239863580_n.jpg,"2/21/2024, 8:54:28 PM"
2095837344,dewari_mypark,18257172631234537,#freepalestine,https://www.instagram.com/dewari_mypark,https://scontent-cgk1-2.cdninstagram.com/v/t51.2885-19/420022008_1114698583314767_4959556278239863580_n.jpg,"2/21/2024, 8:54:33 PM"
6801273921,alphin777,17990445182340514,"#freepalestine 🇵🇸🇵🇸🇵🇸🇵🇸🇵🇸
#boycottkfc",https://www.instagram.com/alphin777,https://scontent-cgk1-2.cdninstagram.com/v/t51.2885-19/30830616_1653933418047682_6325887064889884672_n.jpg,"2/21/2024, 8:54:35 PM"
44035407255,12stargeneral,18411435643037717,No body asked for this. And your fries are trash,https://www.instagram.com/12stargeneral,https://scontent-cgk1-2.cdninstagram.com/v/t51.2885-19/366555536_256781453831687_7005542644545877078_n.jpg,"2/21/2024, 9:05:09 PM"
63974909024,dendi_5801,18413423659005829,"#Freepalestine🇵🇸🇵🇸🇵🇸
#BOYCOTTKFC",https://www.instagram.com/dendi_5801,https://scontent-cgk1-2.cdninstagram.com/v/t51.2885-19/415961956_820919666505896_554440983097912979_n.jpg,"2/21/2024, 9:08:31 PM"
63225352965,amaryllis.1996,17870723607016350,#freepalestine🇵🇸,https://www.instagram.com/amaryllis.1996,https://scontent-cgk1-2.cdninstagram.com/v/t51.2885-19/405255854_380128867695548_3794933941039974552_n.jpg,"2/21/2024, 2:44:52 PM"
48787414983,anda_balebalesprei,18216692086279228,Makan ayam taliwang lebih enak #freepalestin  #boykotisraeliproducts🇮🇱,https://www.instagram.com/anda_balebalesprei,https://scontent-cgk1-2.cdninstagram.com/v/t51.2885-19/220696302_631371317826633_4658620175472807689_n.jpg,"2/21/2024, 2:45:00 PM"
63013540588,reygafe,18177204436294565,Boycott forever 😊,https://www.instagram.com/reygafe,https://scontent-cgk1-2.cdninstagram.com/v/t51.2885-19/404300017_831698912087200_3754776352473479118_n.jpg,"2/21/2024, 2:49:33 PM"
2025268042,uncunk_suherman,18016498349497281,🇵🇸🇵🇸🇵🇸🇵🇸🇵🇸🇵🇸🇵🇸🇵🇸🇵🇸🇵🇸🇵🇸✌️✌️✌️✌️✌️,https://www.instagram.com/uncunk_suherman,https://scontent-cgk1-2.cdninstagram.com/v/t51.2885-19/413242458_170813816122440_6712069675086066217_n.jpg,"2/21/2024, 2:52:57 PM"
8496463662,eraproject.nia,18020081492042796,Iuhhhhh🤢🤮🤮💩🤢🤮,https://www.instagram.com/eraproject.nia,https://scontent-cgk1-2.cdninstagram.com/v/t51.2885-19/405551928_314767721481803_3418081786732228593_n.jpg,"2/21/2024, 2:56:48 PM"
58736750812,nurniatisofiyah,18060379000518647,#freepalestine,https://www.instagram.com/nurniatisofiyah,https://scontent-cgk1-2.cdninstagram.com/v/t51.2885-19/401605646_721523013197942_2156819353490806273_n.jpg,"2/21/2024, 2:58:07 PM"
2004603627,agung_as012,18415853059029056,#freepalestine🇵🇸 #boycottkfc,https://www.instagram.com/agung_as012,https://scontent-cgk1-2.cdninstagram.com/v/t51.2885-19/404290473_1564268057713883_4234598412872695924_n.jpg,"2/21/2024, 3:15:01 PM"
7552218706,siti_liza_kpls,18013065080483369,#freepalestine🇵🇸❤️,https://www.instagram.com/siti_liza_kpls,https://scontent-cgk1-2.cdninstagram.com/v/t51.2885-19/426673982_1059205585385617_9201296146012341151_n.jpg,"2/21/2024, 3:16:51 PM"
56595498031,gohomee__,18059700355519555,Free palestine!!!!!,https://www.instagram.com/gohomee__,https://scontent-cgk1-2.cdninstagram.com/v/t51.2885-19/422163810_767002085297544_8961854480090257596_n.jpg,"2/21/2024, 3:22:34 PM"
854816373,greenteaa90s,18027271726770791,#boycottkfc #freepalestine,https://www.instagram.com/greenteaa90s,https://scontent-cgk1-2.cdninstagram.com/v/t51.2885-19/336812486_750610966632651_8339110141497585307_n.jpg,"2/21/2024, 3:25:09 PM"
1045299177,papahabsyi,17989854947617190,🇵🇸🇵🇸🇵🇸🇵🇸🇵🇸🇵🇸🇵🇸🇵🇸🇵🇸,https://www.instagram.com/papahabsyi,https://scontent-cgk1-2.cdninstagram.com/v/t51.2885-19/427420202_1431882651016609_3935606273688866183_n.jpg,"2/21/2024, 3:27:02 PM"
45031559348,joo_eldanger,18029822770737714,#freepalestine 🇵🇸,https://www.instagram.com/joo_eldanger,https://scontent-cgk1-2.cdninstagram.com/v/t51.2885-19/409157985_914509646991531_4787820051463219994_n.jpg,"2/21/2024, 3:27:34 PM"