Username,Komentar
puromerca,what 😳
missmanarose,Bring back potato wedges and the OG Twister wrap.
dayan.tariq,she kentuckys on my fried til i chicken
aimev_31,25 seconds ago is wild
jeremypadawer,I miss the chocolate parfait.Bring it back. ❤❤❤🔥🔥
beharryjudy123,Y'all prices are too high.
osafort27,Boycott kfc
jaan1_4300000,🇵🇸🇵🇸🇵🇸🇵🇸
smoresdefend9,Sticky chicky
nadeem.haxxan,#Boycott_kfc free Palestine🇵🇸🇵🇸🇵🇸
cdx,Here to see the perverts.
chaparrovivianjasbleydycastro,FORMARON CON LA MIEL LAS PAPILAS GUSTATIVAS🤣Y LA CAMPANA DE LA GARGANTA CAMPANITA Y AMIGDALAS DE MIELJEJE JAJA👄🔔 CUANT
ayush__4224,boycottttisraellll
mkbbkbo,#bojkott
vforvertel,@slickvicwilliams 👀👀
aditya8539965,IsNotReal 🇵🇸
joerellan,#BOYCOTTTTTTTT
kool_j_747,Buffalo?
smoresdefend9,Sriracha
vforvertel,@yvett_g 👀
grannysoffherrocker,😍
officialthreadsnewsglobal,Yummy yummy ❤️❤️❤️❤️
mandy.popper,I get my wisdom teeth out on that day and I work for you.  Can I have a payed vacation
danielleenoth,Honey mustard!
mackynzie__,Sticky chicky
_brianasantana_,Bring back the bbq wings and potato wedges 😢
unholy.alternative,This is almost too saucy for IG 😳 Thank you Colonel.
katietdyer,I should call her
joshie.bedgood,Plz be nashville hot. Other flavors not acceptable
hakmehr,😍🔥👏
fredh1963,BRING BACK HONEY BBQ WINGS!!!!!!!!
alexisbrochtrup,Bring back Nashville hot tenders
willibeest,I’m going to trust you on this one.
postingg_kfc,"Stop posting, I can't take it anymore🥺"
kayy.mwa,answer my dm
dhfvn865_,🇵🇸🇵🇸🇵🇸🇵🇸
ak4_anshu,israelbojkott 🇵🇸
doneedone_fhialpha,StopTheZionist
aminosnsu,Zionisttttt🇵🇸🍉
valerio.verdugo,genocídu 🍉🍉
vishu_thakor9949,timetoboycot 🇵🇸
my_self___nike_,genocid
sayemm_khnn_,IsNotReal 🇵🇸
royal__hari__302,StopTheZionist
sk._sigma_boy,#folkedrab
chris.smith215,StopTheGenocide
nymar028b,boikotisrael
spiderman__4401,#бойкот
lenore.008,BRING BACK POPCORN CHICKEN
shalimar_kdy,timetoboycot 🇵🇸
heart_hacker_sahil786,геноцид
its_me_jigar_boy,boycotttttZionistt
neha__rajput__22__,bojokotisrael
mr_sad_boy_554,#genocid
love_is_life______07,#bojokotisrael
saad_ahmed782,#IsraelOut
gijjjkk2024,StopTheGenocide
dev_rajput9474,#israelnono 🍉
govindsaini5613,#bojkott
new_oneff1,israelbojkot
nozb2,bojokotisrael
vzbsvs2024,#boycotisrael
nsnnzjjfjekzm,boikot 🇵🇸
rider10692,bojokotisrael
itz_pratik.23,boycotisrael
surbh.i2049,genocídu 🍉🍉
aj968069,#israhelll
kyrid4,#boycotisrael
varsha__suman_01,#bojkottisrael
its__devrajput,#genocidi
ritu_jaan882,FreePalestine
ganesh1436663,🇵🇸🇵🇸🇵🇸🇵🇸🇵🇸
sama58258,folkemord
akku46147,#genocid
its___mohini___rajput,#boikot 🇵🇸
swarnima__11,kickisrael
kapil_parihar_deaf,🇵🇸🇵🇸🇵🇸🇵🇸
google5678934,bojokotisrael
its_pooja_100001,nomoreisrael
p_t_e_j_e_s_h__k_u_m_a_r_,бојкотовати
abhishekswami813,boycotisrael
armanbagwan06,#IsNotReal 🇵🇸
city_of_joura_143,#bojkott
itzl.egent,🇵🇸🇵🇸🇵🇸
jaansahu45,#boikotisrael
king_kole_rcb_.90,noisrael zionists
zarakhan821046,🇵🇸🍉🇵🇸🍉🇵🇸🍉
alokbaba3491,StopGenocideeee
sahinks2024,folkedrab
wefdggdvhgff,#IsraelOut
alone303_1,#israelisissss 🍉🍉
tabr.ez__khan,#timetoboycot 🇵🇸
snsn.sbns,folkmord 🇵🇸
ggshwh11,ZionistOut 🇵🇸
bahloul8102,🇵🇸🇵🇸🇵🇸🇵🇸🇵🇸🇵🇸🇵🇸🇵🇸
memopithecus,Looks like honey......spicy honey???
kushi_sharma980,🇵🇸🇵🇸🇵🇸🇵🇸🇵🇸
xprtratul_69,boycotttttZionistt
zakhmi_shayari_786,CeasfireNow🇵🇸🍉
narmal1826,ZionistOutNow
hsjsb1141,🇵🇸🇵🇸🇵🇸🇵🇸
rus_hi2445,israelbojkot
09_vikes_09,israelnono 🍉
sehna_jkhatun,CeasfireNow
khnx__aatiff,fajirtás 🇵🇸
ranuki04,#cancelisrael 🇵🇸
nbdhehdge72,timetoboycot 🇵🇸
ggd29474,#StopTheGenocide
rars297,genocidiii
eyts5ssk4rs,🇵🇸🇵🇸🇵🇸
sameer_boss_89001,nomoreisrael
jaat_baba_202,folkemord
tfhj591,#israhelll
raja_ki_rani__4025,FreePalestine
bxbcb3465,🍉🍉🍉
vicky_jeeda_pb03,boycottttisraellll
prabakarbajpai225,бойкот zionist
gourav_jangra_500500,#genocid
ju736984,israelbojkott 🇵🇸
sad_rohittttt,#boycottttisraellll
spotyi2023,🇵🇸🇵🇸🇵🇸
s.pbishnoi_001,ludobójstwo
tu92288,CeasfireNow
lll_ujjain_king_lll,#StopTheGenocido
__itz__crazy_girl_00,nomoreisrael
cricet_aman_45,#israhelll
_im_kundu_,#folkmord 🇵🇸
tochan_king_jaat_5050d,israelbojkotta 🇵🇸
khan786sk94,#бойкот
jingayesha,bojkott
badmash_t_315,boycotisrael
js.bainsla9694,#génocide
michellebrumfield11,🍯 honey 😍
willis_emx,Boycott
colador_de_agua,cum
wavvy.tay25,Apple pies.
sje1126,Georgia gold!
djentdaddydave,Pause
kpshortcut,We don’t deserve you kfc
king.semej.uk,🔥🔥🔥🔥
bb25b_b25,#فلسطين
bb25b_b25,#فلسطين ابلاغ عن هذه الصفحات
tranqbasehotel.casino,She kentucky on my chicken until i fry
empress_aj_100,We need the wings back bro
joerellan,StopTheGenocideeee #boycottttttt
ragingplanet,@kfc bring back the OG 90’s Chicken Littles!!! 😢
11_herbs_n_spices_in_hell,Sensual sauce drip
impalaboss_713,@officialdaymdrops guess u gon have to try these family since @wendys only testing them 😒😒😒